# Praktikumi 2010.03.22 jätk

1. Loo uus tabel `kesk_linna_j` järgi, mis sisaldab välju `Linn varchar(255)`, `keskmine_myyk int` ja primaarvõtme välja `id`.

	```sql
	CREATE TABLE kesk_linna_j (
		id INT PRIMARY KEY,
		linn VARCHAR(255),
		keskmine_myyk INT
	);
	```

	> Query OK, 0 rows affected (0.01 sec)

2. Loodud tabelisse `kesk_linna_j` kanna andmed tabelitest `Myyk` ja `Lao_asukoht` kasutades olemasolevaid seoseid nende kahe tabeli vahel.

	```sql
	INSERT INTO kesk_linna_j
		(linn, keskmine_myyk)
	SELECT
		linn, keskmine_myyk
	FROM
		myyk m,
		lao_asukoht l
	WHERE
		m.lao_id = l.lao_id;
	```

	> Query OK, 46 rows affected (0.01 sec)

	```sql
	SELECT * FROM kesk_linna_j;
	```

	| id | linn       | keskmine_myyk |
	|----|------------|---------------|
	|  1 | Tartu      |        300000 |
	|  2 | Tartu      |         19000 |
	|  3 | Viljandi   |        300000 |
	|  4 | Viljandi   |         19000 |
	|  5 | Parnu      |        300000 |
	|  6 | Parnu      |         19000 |

	> 46 rows in set (0.01 sec)

3. Muuda tabelis `kesk_linna_j` keskmiseid müügitulemusi (keskmine_myyk kroonides tuleb muuta müügiks eurodes, tulemused tuleb ümardada täisarvuideks).

	```sql
	UPDATE
		kesk_linna_j
	SET
		keskmine_myyk = ROUND(keskmine_myyk / 15, 2);
	```

	> Query OK, 46 rows affected (0.01 sec)

4. Vii tabeli `kesk_linna_j` uued müügitulemused tekstifaili.

	```sql
	SELECT
		*
	INTO OUTFILE
		'/usr/home/atp08/kristian_s/tabelinimi.txt'
	FIELDS TERMINATED BY ','
	LINES TERMINATED BY '\n'
	FROM
		kesk_linna_j;
	```

	> Query OK, 46 rows affected (0.00 sec)

5. Ladudel on omanikud. MS Accessi andmebaasis `Avalik/ATP08/AB kasutamine/Praktikumid/Laod.accd` on tabel `Omanikud`. Too selles olevad andmed oma andmebaasi uude tabelisse `Omanikud`.

	```sql
	LOAD DATA INFILE
		'/usr/home/atp08/kristian_s/Omanik.txt'
	INTO TABLE
		omanikud
	FIELDS TERMINATED BY ';'
	LINES TERMINATED BY '\n';
	```

	> Query OK, 10 rows affected (0.00 sec)

6. Väljasta ladude nimed, omanikud ja asukohad (ühel väljal komadega eraldatult).

	```sql
	SELECT
		l.lao_nimi,
		o.omaniku_nimi,
		GROUP_CONCAT(a.aadress, ' ', a.linn ORDER BY a.linn SEPARATOR ', ')
	FROM
		ladu l,
		omanikud o,
		lao_asukoht a
	WHERE
		a.lao_id = l.lao_id AND
		l.lao_id = o.laod_id
	GROUP BY
		lao_nimi;
	```

	| lao_nimi          | omaniku_nimi    | group_concat(a.aadress, ' ',a.linn order by a.linn  separator ', ')                 |
	|-------------------|-----------------|-------------------------------------------------------------------------------------|
	| Aedvilja OY       | "Riho Roos"     | Jaani 34 Johvi, Piiri 14 Narva, Kesk 12  Paide, Tuulepea 67 Tallinn, Kooli 11 Valga |
	| AS Aiasaadused    | "Salme Suusk"   | Mere pst 45 Kuressaare, Ranna pst 11 Parnu, Jarve 34 Viljandi                       |
	| AS Po~llumees     | "Janar Hein"    | Kase 32 Narva, Sadama 89 Parnu, Tahe 23 Tallinn                                     |
	| AS Puuviljakorv   | "Leho Loos"     | Kastani 55 Tartu, Kesk 85 Viljandi                                                  |
	| Kartuliladu       | "Juhan Juss"    | Haaviku 11 Tallinn                                                                  |
	| Ko                | "Jaanus Nastik" | Puiestee 45 Parnu, Turu 134 Tartu, Aia 17 Viljandi                                  |
	| Kodumaised O~unad | "Jaana Jalaks"  | Juustu 17 Parnu, Siili 124 Tartu, Janese 23 Viljandi                                |
	| OY Koduaed        | "Kalle Kaun"    | Jalaka 12 Johvi, Puiestee 122 Narva, Kloostri 44 Tallinn                            |
	| OY Metsamarjad    | "Juta Jalakas"  | Tamme pst 91 Tartu, Piiri 69 Valga                                                  |

	> 9 rows in set (0.00 sec)

7. Mitmes kohas asuvad omanike laod? Väljasta iga omaniku kohta vastav arv.

	```sql
	SELECT
		COUNT(l.lao_nimi),
		o.omaniku_nimi
	FROM
		ladu l,
		omanikud o,
		lao_asukoht a
	WHERE
		a.lao_id = l.lao_id AND
		l.lao_id = o.laod_id
	GROUP BY
		o.omaniku_nimi;
	```

	| count(l.lao_nimi) | omaniku_nimi    |
	|-------------------|-----------------|
	|                 3 | "Jaana Jalaks"  |
	|                 3 | "Jaanus Nastik" |
	|                 3 | "Janar Hein"    |
	|                 1 | "Juhan Juss"    |
	|                 2 | "Juta Jalakas"  |
	|                 3 | "Kalle Kaun"    |
	|                 2 | "Leho Loos"     |
	|                 5 | "Riho Roos"     |
	|                 3 | "Salme Suusk"   |

	> 9 rows in set (0.01 sec)

8. Millised on omanike keskmised müügitulemused kokku?

	```sql
	SELECT
		SUM(keskmine_myyk),
		omaniku_nimi
	FROM
		myyk m,
		omanikud o
	WHERE
		m.lao_id = o.laod_id
	GROUP BY
		omaniku_nimi;
	```

	| sum(keskmine_myyk) | omaniku_nimi    |
	|--------------------|-----------------|
	|              52800 | "Jaana Jalaks"  |
	|             319000 | "Jaanus Nastik" |
	|              88100 | "Janar Hein"    |
	|              25420 | "Juhan Juss"    |
	|              21002 | "Juta Jalakas"  |
	|             103000 | "Kalle Kaun"    |
	|              39000 | "Leho Loos"     |
	|              12000 | "Riho Roos"     |
	|              23000 | "Rita Ritsikas" |
	|              21650 | "Salme Suusk"   |

	> 10 rows in set (0.00 sec)
