# Praktikum 29.30.2010
## Ülesanded dump faili kohta

1. Leia [veebilehelt](http://dev.mysql.com/doc/index-other.html) näidisandmebaas "World".

2. Lae alla pakitud andmebaasi fail, paki fail lahti ja uuri faili world.sql.

3. Mõtle, mida peaks failis world.sql muutma, et saaksid selle käivitada oma andmebaasis.

	> Midagi

4. Uuri tekkinud tabeleid (mis andmed selles on ja kuidas tabelid omavahel seotud on.

5. Väljasta linnad ja riigid, kus nad asuvad. (too mõlemad variandid nii joini kui ka tavalise seostamisega)

	```sql
	SELECT
		c.name,
		m.name
	FROM
		City c,
		Country m
	WHERE
		c.countryCode = m.Code
	LIMIT 1, 30;
	```

	| name              | name        |
	|-------------------|-------------|
	| Qandahar          | Afghanistan |
	| Herat             | Afghanistan |
	| Mazar-e-Sharif    | Afghanistan |
	| Amsterdam         | Netherlands |
	| Rotterdam         | Netherlands |
	| ...               | ...         |

	> 30 rows in set (0.00 sec)


	```sql
	SELECT
		c.name,
		m.name
	FROM
		City c
	INNER JOIN
		Country AS m ON c.countryCode = m.Code
	LIMIT 1,30;
	```

	| name              | name        |
	|-------------------|-------------|
	| Qandahar          | Afghanistan |
	| Herat             | Afghanistan |
	| Mazar-e-Sharif    | Afghanistan |
	| Amsterdam         | Netherlands |
	| Rotterdam         | Netherlands |
	| ...               | ...         |

	> 30 rows in set (0.00 sec)

6. Leia mitu linna asub igas riigis.

	```sql
	SELECT
		COUNT(Name) AS linnade_arv,
		CountryCode
	FROM
		City
	GROUP BY
		CountryCode;
	```

	| linnade_arv | CountryCode |
	|-------------|-------------|
	|           1 | ABW         |
	|           4 | AFG         |
	|           5 | AGO         |
	|           2 | AIA         |
	|           1 | ALB         |
	|         ... | ...         |

	> 232 rows in set (0.01 sec)

7. Leia mitu linna asub igas riigis, järjesta tulemus linnade arvu järgi kahanevalt.

	```sql
	SELECT
		COUNT(Name) AS linnade_arv,
		CountryCode
	FROM
		City
	GROUP BY
		CountryCode
	ORDER BY
		linnade_arv DESC;
	```

	| linnade_arv | CountryCode |
	|-------------|-------------|
	|         363 | CHN         |
	|         341 | IND         |
	|         274 | USA         |
	|         250 | BRA         |
	|         248 | JPN         |
	|         ... | ...         |

	> 232 rows in set (0.01 sec)

8. Leia mitu linna asub igas riigis, järjesta tulemus linnade arvu järgi kahanevalt, näita ainult nende riikide andmeid, kus on rohkem kui 1 linn.

	```sql
	SELECT
		COUNT(Name) AS linnade_arv,
		CountryCode
	FROM
		City
	GROUP BY
		CountryCode
	HAVING
		linnade_arv > 1
	ORDER BY
		linnade_arv DESC;
	```

	| linnade_arv | CountryCode |
	|-------------|-------------|
	|         363 | CHN         |
	|         341 | IND         |
	|         274 | USA         |
	|         250 | BRA         |
	|         248 | JPN         |
	|         ... | ...         |

	> 147 rows in set (0.01 sec)
