## Ülesanded tabelite `ABIELUS`, `LAHUTATUD`, `TEADMATA` ja `LESK` kohta.

Kopeeri siia töölehele kõik käsud ja nende tulemused, mida kasutad ülesannete lahendamisel.

1. Ava avalikult kettalt AB kasutamise kaustast failid Synnid_pereseis.xls
2. Loo antud failis olevate andmete põhjal (erinevatel töölehtedel) tabelid `ABIELU`, `LAHUTATUD`, `TEADMATA` ja `LESK`.

	```sql
	CREATE TABLE abielus (
		linnaosa VARCHAR(80) NOT NULL,
		eiole INT(5),
		1laps INT(5),
		2last INT(5),
		3last INT(5),
		4last INT(5),
		eitea INT(5)
	);
	```
	```sql
	CREATE TABLE lahutatud (
		linnaosa VARCHAR(80) NOT NULL,
		eiole INT(5),
		1laps int(5),
		2last INT(5),
		3last INT(5),
		4last INT(5),
		eitea INT(5)
	);
	```
	```sql
	CREATE TABLE teadmata (
		linnaosa VARCHAR(80) NOT NULL,
		eiole INT(5),
		1laps INT(5),
		2last INT(5),
		3last INT(5),
		4last INT(5),
		eitea INT(5)
	);
	```
	```sql
	CREATE TABLE lesk (
		linnaosa VARCHAR(80) NOT NULL,
		eiole INT(5),
		1laps INT(5),
		2last INT(5),
		3last INT(5),
		4last INT(5),
		eitea INT(5)
	);
	```

3. Vii excelis olevad andmed vastavatesse tabelitesse andmebaasi.

	```sql
	LOAD DATA INFILE
		'/usr/home/atp08/kristian_s/lahutatud.csv'
	INTO TABLE
		lahutatud
	FIELDS TERMINATED BY ';'
	LINES TERMINATED BY '\r\n';
	```
	> Records: 272  Deleted: 0  Skipped: 0  Warnings: 276


	```sql
	LOAD DATA INFILE
		'/usr/home/atp08/kristian_s/abielus.csv'
	INTO TABLE
		abielus
	FIELDS TERMINATED BY ';'
	LINES TERMINATED BY '\r\n';
	```
	> Records: 272  Deleted: 0  Skipped: 0  Warnings: 276


	```sql
	LOAD DATA INFILE
		'/usr/home/atp08/kristian_s/teadmata.csv'
	INTO TABLE
		teadmata
	FIELDS TERMINATED BY ';'
	LINES TERMINATED BY '\r\n';
	```
	> Records: 272  Deleted: 0  Skipped: 0  Warnings: 4


	```sql
	LOAD DATA INFILE
		'/usr/home/atp08/kristian_s/lesk.csv'
	INTO TABLE
		lesk
	FIELDS TERMINATED BY ';'
	LINES TERMINATED BY '\r\n';
	```
	> Records: 272  Deleted: 0  Skipped: 0  Warnings: 276


4. Leia iga asukoha kohta, kui palju on perekondi, milles on 1 laps.

	```sql
	SELECT
		linnaosa AS linn,
		(
			(SELECT SUM(1laps) FROM abielus WHERE linnaosa = linn) +
			(SELECT SUM(1laps) FROM teadmata WHERE linnaosa = linn) +
			(SELECT SUM(1laps) FROM lesk WHERE linnaosa = linn) + SUM(1laps)
		) AS kokku
	FROM
		lahutatud
	GROUP BY
		linnaosa;
	```

	| linn                    | kokku |
	|-------------------------|-------|
	| 6ru vald                |    45 |
	| Abja vald               |   120 |
	| Abja-Paluoja vs linn    |    48 |
	| Aegviidu vald           |   222 |
	| Ahja vald               |   129 |
	| Alaj6e vald             |    95 |
	| Alatskivi vald          |    70 |
	| Albu vald               |    90 |
	| Ambla vald              |   458 |
	| Anija vald              |   116 |
	| ...                     |   ... |

	> 265 rows in set (0.29 sec)


5. Millises asukohas on kõige rohkem 1 lapsega perekondi? (kasuta eelmist päringut)

	```sql
	SELECT
		linnaosa AS linn,
		(
			(SELECT SUM(1laps) FROM abielus WHERE linnaosa = linn) +
			(SELECT SUM(1laps) FROM teadmata WHERE linnaosa = linn) +
			(SELECT SUM(1laps) FROM lesk WHERE linnaosa = linn) + SUM(1laps)
		) AS kokku
	FROM
		lahutatud
	GROUP BY
		linnaosa
	ORDER BY
		kokku DESC
	LIMIT 1;
	```

	| linn               | kokku |
	|--------------------|-------|
	| Haabersti linnaosa | 26385 |

	> 1 row in set (0.29 sec)


6. Leia kõik vallad tabelist lesk, milles on 3-lapselisi perekondi üle 100.

	```sql
	SELECT
		linnaosa,
		3last
	FROM
		lesk
	WHERE
		3last > 100;
	```

	| linnaosa            | 3last |
	|---------------------|-------|
	| Haabersti linnaosa  |  2673 |
	| Kesklinna linnaosa  |   239 |
	| Kristiine linnaosa  |   319 |
	| Lasnam2e linnaosa   |   181 |
	| Mustam2e linnaosa   |   610 |
	| N6mme linnaosa      |   464 |
	| ...                 |   ... |

	> 23 rows in set (0.00 sec)



7. Leia, kui palju on linnades kokku 2 lapsega perekondi.

	```sql
	SELECT
		linnaosa AS linn,
		(
			(SELECT SUM(2last) FROM abielus WHERE linnaosa = linn) +
			(SELECT SUM(2last) FROM teadmata WHERE linnaosa = linn) +
			(SELECT SUM(2last) FROM lesk WHERE linnaosa = linn) + SUM(2last)
		) AS kokku
	FROM
		lahutatud
	WHERE
		linnaosa LIKE '%linn%' AND
		linnaosa != 'Tudulinna vald'
	GROUP BY
		linnaosa
	ORDER BY
		kokku DESC;
	```

	| linn                    | kokku |
	|-------------------------|-------|
	| Haabersti linnaosa      | 25525 |
	| Lasnam2e linnaosa       | 12742 |
	| Mustam2e linnaosa       | 11780 |
	| Tartu linn              |  8803 |
	| Narva linn              |  8008 |
	| N6mme linnaosa          |  7694 |
	| Kohtla-J2rve linn       |  5940 |
	| Kesklinna linnaosa      |  5326 |
	| ...                     |   ... |

	> 54 rows in set (0.06 sec)


8. Leia iga tabeli kohta, kui palju on keskmiselt peresid erinevate laste arvude korral. (nt palju on keskmiselt lasteta peresid jne)

	```sql
	SELECT
		AVG(1laps),
		AVG(2last),
		AVG(3last),
		AVG(4last)
	FROM
		lesk;
	```

	| AVG(1laps) | AVG(2last) | AVG(3last) | AVG(4last) |
	|------------|------------|------------|------------|
	|   142.1094 |   197.2377 |    71.2000 |    24.6302 |

	> 1 row in set (0.00 sec)


	```sql
	SELECT
		AVG(1laps),
		AVG(2last),
		AVG(3last),
		AVG(4last)
	FROM
		abielus;
	```

	| AVG(1laps) | AVG(2last) | AVG(3last) | AVG(4last) |
	|------------|------------|------------|------------|
	|   259.7396 |   467.8113 |   143.8226 |    33.0038 |

	> 1 row in set (0.00 sec)


	```sql
	SELECT
		AVG(1laps),
		AVG(2last),
		AVG(3last),
		AVG(4last)
	FROM
		teadmata;
	```

	| AVG(1laps) | AVG(2last) | AVG(3last) | AVG(4last) |
	|------------|------------|------------|------------|
	|     5.3057 |     4.2377 |     1.0302 |     0.3623 |

	> 1 row in set (0.01 sec)


	```sql
	SELECT
		AVG(1laps),
		AVG(2last),
		AVG(3last),
		AVG(4last)
	FROM
		lahutatud;
	```

	| AVG(1laps) | AVG(2last) | AVG(3last) | AVG(4last) |
	|------------|------------|------------|------------|
	|   167.5925 |   156.1849 |    40.3736 |    10.0642 |

	> 1 row in set (0.00 sec)


9. Leia kui palju on valdades lapsi. (Väljasta valla nimi ja laste arv)

	```sql
	SELECT
		linnaosa AS linn,
		(
			(
				SELECT
					SUM(1laps) + SUM(2last) * 2 + SUM(3last) * 3 + SUM(4last) * 4
				FROM
					abielus
				WHERE
					linnaosa = linn
			) +
			(
				SELECT
					SUM(1laps) + SUM(2last) * 2 + SUM(3last) * 3 + SUM(4last) * 4
				FROM
					teadmata
				WHERE
					linnaosa = linn
			) +
			(
				SELECT
					SUM(1laps) + SUM(2last) * 2 + SUM(3last) * 3 + SUM(4last) * 4
				FROM
					lesk
				WHERE
					linnaosa = linn
			) +
			SUM(1laps) + SUM(2last) * 2 + SUM(3last) * 3 + SUM(4last) * 4
		) AS kokku
	FROM
		lahutatud
	WHERE
		linnaosa LIKE '%vald%'
	GROUP BY
		linnaosa
	ORDER BY
		kokku DESC;
	```

	| linn               | kokku |
	|--------------------|-------|
	| Luunja vald        | 21711 |
	| Audru vald         | 12778 |
	| Aseri vald         |  5108 |
	| Avanduse vald      |  4699 |
	| Viimsi vald        |  4350 |
	| Palupera vald      |  4297 |
	| Lihula vald        |  4202 |
	| Saue vald          |  3998 |
	| Misso vald         |  3931 |
	| ...                |   ... |

	> 204 rows in set (0.23 sec)


10. Leia kõige suurema laste arvuga vald. (Väljasta valla nimi ja laste arv)

	```sql
	SELECT
		linnaosa AS linn,
		(
			(
				SELECT
					SUM(1laps) + SUM(2last) * 2 + SUM(3last) * 3 + SUM(4last) * 4
				FROM
					abielus
				WHERE
					linnaosa = linn
			) +
			(
				SELECT
					SUM(1laps) + SUM(2last) * 2 + SUM(3last) * 3 + SUM(4last) * 4
				FROM
					teadmata
				WHERE
					linnaosa = linn
			) +
			(
				SELECT
					SUM(1laps) + SUM(2last) * 2 + SUM(3last) * 3 + SUM(4last) * 4
				FROM
					lesk
				WHERE
					linnaosa = linn
			) +
			SUM(1laps) + SUM(2last) * 2 + SUM(3last) * 3 + SUM(4last) * 4
		) AS kokku
	FROM
		lahutatud
	WHERE
		linnaosa LIKE '%vald%'
	GROUP BY
		linnaosa
	ORDER BY
		kokku DESC;
	LIMIT 1
	```

	| linn        | kokku |
	|-------------|-------|
	| Luunja vald | 21711 |

	> 1 row in set (0.23 sec)


11. Leia kõige väiksema laste arvuga vald. (väljasta valla nimi ja laste arv)

	```sql
	SELECT
		linnaosa AS linn,
		(
			(
				SELECT
					SUM(1laps) + SUM(2last) * 2 + SUM(3last) * 3 + SUM(4last) * 4
				FROM
					abielus
				WHERE
					linnaosa = linn
			) +
			(
				SELECT
					SUM(1laps) + SUM(2last) * 2 + SUM(3last) * 3 + SUM(4last) * 4
				FROM
					teadmata
				WHERE
					linnaosa = linn
			) +
			(
				SELECT
					SUM(1laps) + SUM(2last) * 2 + SUM(3last) * 3 + SUM(4last) * 4
				FROM
					lesk
				WHERE
					linnaosa = linn
			) +
			SUM(1laps) + SUM(2last) * 2 + SUM(3last) * 3 + SUM(4last) * 4
		) AS kokku
	FROM
		lahutatud
	WHERE
		linnaosa LIKE '%vald%'
	GROUP BY
		linnaosa
	ORDER BY
		kokku ASC;
	LIMIT 1
	```

	| linn       | kokku |
	|------------|-------|
	| Ruhnu vald |   231 |

	> 1 row in set (0.23 sec)


12. Siia kirjuta ise üks päring, kus kasutatakse funktsioone.

13. Siia kirjuta ise üks päring, kus kasutatakse alampäringut.
