1. Leia lapsed, kelle sünnikaal on suurem 4040 grammist.

	```sql
	SELECT * FROM SYNNID WHERE Synnikaal > '4040';
	```

	| Synnikuupaev | Ema_id | L_nimi    | Elukoht | Synniaeg | Synnikaal | Synnipikkus | SUGU |
	|--------------|--------|-----------|---------|----------|-----------|-------------|------|
	| 2007-02-09   |     16 | Rihard    | Tallinn | 02:52:00 |      4140 |          52 | p    |
	| 2007-02-12   |     25 | Andres    | Tallinn | 03:15:00 |      4345 |          53 | p    |
	| 2007-02-15   |     31 | Ralf      | Tallinn | 17:21:00 |      4842 |          52 | p    |
	| 2007-02-17   |     36 | Marelle   | Tallinn | 13:36:00 |      4100 |          51 | t    |
	| 2007-02-20   |     40 | Marinel   | Tallinn | 15:22:00 |      4062 |          51 | t    |
	| 2007-02-26   |     43 | Mirell    | Tallinn | 03:05:00 |      4080 |          54 | t    |
	| 2007-03-04   |     48 | Marek     | Tallinn | 04:55:00 |      4600 |          51 | p    |
	| ...          |    ... | ...       | ...     | ...      |      ...  |         ... | ...  |

	> 8 rows in set (0.00 sec)

2. Leia lapsed, kelle sünnikaal on väiksem võrdne 3800 grammist.

	```sql
	SELECT * FROM SYNNID WHERE Synnikaal <= '3800';
	```

	| Synnikuupaev | Ema_id | L_nimi    | Elukoht    | Synniaeg | Synnikaal | Synnipikkus | SUGU |
	|--------------|--------|-----------|------------|----------|-----------|-------------|------|
	| 2007-01-15   |      1 | Richard   | Tallinn    | 22:59:00 |      2385 |          46 | p    |
	| 2007-01-27   |      2 | Ralf      | Tallinn    | 13:08:00 |      3736 |          50 | p    |
	| 2007-01-27   |      3 | Karolin   | Tallinn    | 19:42:00 |      3538 |          51 | t    |
	| 2007-01-28   |      4 | Liisi     | Tallinn    | 00:12:00 |      2920 |          48 | t    |
	| 2007-01-28   |      5 | Kaur      | Tallinn    | 00:53:00 |      2610 |          46 | p    |
	| 2007-01-28   |      6 | Rasmus    | Keila      | 13:41:00 |      2462 |          47 | p    |
	| 2007-01-30   |      7 | Ramona    | Tallinn    | 18:27:00 |      2473 |          47 | t    |
	| ...          |    ... | ...       | ...        | ...      |      ...  |         ... | ...  |

	> 37 rows in set (0.00 sec)


3. Leia lapsed, kelle sünnikaal on 3330 grammist kuni 4000 grammini. (Too kaks lahendust)

	```sql
	SELECT * FROM SYNNID WHERE Synnikaal BETWEEN 3330 AND 4000;
	```

	| Synnikuupaev | Ema_id | L_nimi    | Elukoht  | Synniaeg | Synnikaal | Synnipikkus | SUGU |
	|--------------|--------|-----------|----------|----------|-----------|-------------|------|
	| 2007-01-27   |      2 | Ralf      | Tallinn  | 13:08:00 |      3736 |          50 | p    |
	| 2007-01-27   |      3 | Karolin   | Tallinn  | 19:42:00 |      3538 |          51 | t    |
	| 2007-01-31   |      9 | Karola    | Helsingi | 18:28:00 |      3545 |          50 | t    |
	| 2007-02-01   |     10 | Sten      | Tartu    | 12:23:00 |      3740 |          51 | p    |
	| 2007-02-03   |     11 | Steven    | Tartu    | 23:47:00 |      3850 |          52 | p    |
	| 2007-02-04   |     12 | Heike     | Tallinn  | 11:17:00 |      3450 |          50 | t    |
	| 2007-02-09   |     17 | Sander    | Tallinn  | 17:43:00 |      3330 |          50 | p    |
	| ...          |    ... | ...       | ...      | ...      |      ...  |         ... | ...  |

	> 24 rows in set (0.00 sec)

	```sql
	SELECT * FROM SYNNID WHERE Synnikaal <= 4000 AND Synnikaal >= 3330;
	```

	| Synnikuupaev | Ema_id | L_nimi    | Elukoht  | Synniaeg | Synnikaal | Synnipikkus | SUGU |
	|--------------|--------|-----------|----------|----------|-----------|-------------|------|
	| 2007-01-27   |      2 | Ralf      | Tallinn  | 13:08:00 |      3736 |          50 | p    |
	| 2007-01-27   |      3 | Karolin   | Tallinn  | 19:42:00 |      3538 |          51 | t    |
	| 2007-01-31   |      9 | Karola    | Helsingi | 18:28:00 |      3545 |          50 | t    |
	| 2007-02-01   |     10 | Sten      | Tartu    | 12:23:00 |      3740 |          51 | p    |
	| 2007-02-03   |     11 | Steven    | Tartu    | 23:47:00 |      3850 |          52 | p    |
	| 2007-02-04   |     12 | Heike     | Tallinn  | 11:17:00 |      3450 |          50 | t    |
	| 2007-02-09   |     17 | Sander    | Tallinn  | 17:43:00 |      3330 |          50 | p    |
	| ...          |    ... | ...       | ...      | ...      |      ...  |         ... | ...  |

	> 24 rows in set (0.00 sec)

4. Leia lapsed, kelle sünnikaal on väiksem 3000 grammist ja suurem 4000 grammist.

	```sql
	SELECT * FROM SYNNID WHERE Synnikaal < 3000 OR Synnikaal > 4000;
	```

	| Synnikuupaev | Ema_id | L_nimi    | Elukoht | Synniaeg | Synnikaal | Synnipikkus | SUGU |
	|--------------|--------|-----------|---------|----------|-----------|-------------|------|
	| 2007-01-15   |      1 | Richard   | Tallinn | 22:59:00 |      2385 |          46 | p    |
	| 2007-01-28   |      4 | Liisi     | Tallinn | 00:12:00 |      2920 |          48 | t    |
	| 2007-01-28   |      5 | Kaur      | Tallinn | 00:53:00 |      2610 |          46 | p    |
	| 2007-01-28   |      6 | Rasmus    | Keila   | 13:41:00 |      2462 |          47 | p    |
	| 2007-01-30   |      7 | Ramona    | Tallinn | 18:27:00 |      2473 |          47 | t    |
	| 2007-01-31   |      8 | Konrad    | Tallinn | 09:17:00 |      2652 |          50 | p    |
	| 2007-02-06   |     14 | Lysandra  | Tyri    | 15:41:00 |      4040 |          51 | t    |
	| ...          |    ... | ...       | ...     | ...      |      ...  |         ... | ...  |

	> 19 rows in set (0.00 sec)

5.  Leia lapsed, kelle eesnimi algab sõnaga Meri. Väljasta lapse nimi ja ema nimi.

	```sql
	SELECT
		e.Ema_nimi,
		s.L_nimi
	FROM
		EMAD AS e,
		SYNNID AS s
	WHERE
		e.Ema_id = s.Ema_id AND
		s.L_nimi LIKE 'meri%';
	```

	| Ema_nimi | L_nimi  |
	|----------|---------|
	| Kiisu    | Meribel |
	| Merka    | Merike  |
	| Viki     | Merike  |

	> 3 rows in set (0.00 sec)

6. Leia lapsed, kelle nimi lõpeb a-ga. Väljasta lapse nimi, pikkus ja ema nimi.

	```sql
	SELECT
		e.Ema_nimi,
		s.L_nimi,
		s.Synnipikkus
	FROM
		EMAD AS e,
		SYNNID AS s
	WHERE
		e.Ema_id = s.Ema_id AND
		s.L_nimi like '%a';
	```

	| Ema_nimi    | L_nimi    | Synnipikkus |
	|-------------|-----------|-------------|
	| Patsike     | Ramona    |          47 |
	| Margareth   | Karola    |          50 |
	| Eveke       | Lysandra  |          51 |
	| Pisikeingel | Inga      |          48 |
	| Margariita  | Jessika   |          53 |
	| Roosi       | Karina    |          51 |
	| Ave         | Maria     |          51 |
	| Kirke       | Lisandra  |          49 |
	| Katrin      | Rita      |          52 |
	| Katrin      | Lady GAGA |          90 |

	> 10 rows in set (0.01 sec)

7. Leia lapsed, kelle sünnipikkus on suurem 50 sentimeetrist ja ema on vähemalt 26 aastane. Välajasta lapse nimi, pikkus ja ema nimi.

	```sql
	SELECT
		e.Ema_nimi,
		s.L_nimi,
		s.Synnipikkus
	FROM
		EMAD as e,
		SYNNID as s
	WHERE
		e.Ema_id = s.Ema_id AND
		s.Synnipikkus > '50' AND
		e.Vanus >= '26';
	```

	| Ema_nimi   | L_nimi    | Synnipikkus |
	|------------|-----------|-------------|
	| Katariina  | Karolin   |          51 |
	| Katriin    | Steven    |          52 |
	| Eveke      | Lysandra  |          51 |
	| Kriste     | Jaan      |          51 |
	| Ade        | Andres    |          53 |
	| Carmen     | Sebastian |          52 |
	| Viivi      | Rasmus    |          52 |


	> 17 rows in set (0.00 sec)

8. Leia lapsed, kes on sündinud Tartus või Tallinnas ja kelle sünnipikkus on vähemalt 50 sentimeetrit. Väljasta lapse nimi pikkus ja elukoht.

	```sql
	SELECT
		L_nimi,
		Synnipikkus,
		Elukoht
	FROM SYNNID
	WHERE
		Synnipikkus >= '50' AND
		Elukoht = 'Tallinn' OR
		Elukoht = 'Tartu';
	```

	| L_nimi    | Synnipikkus | Elukoht |
	|-----------|-------------|---------|
	| Ralf      |          50 | Tallinn |
	| Karolin   |          51 | Tallinn |
	| Otto      |          50 | Tallinn |
	| Konrad    |          50 | Tallinn |
	| Sten      |          51 | Tartu   |
	| Steven    |          52 | Tartu   |
	| Heike     |          50 | Tallinn |

	> 35 rows in set (0.00 sec)

9. Täienda eelnevat päringut väljastades lisaks eelnevalt leitud andmetele ka ema nimi.

	```sql
	SELECT
		s.L_nimi,
		s.Synnipikkus,
		s.Elukoht,
		e.Ema_nimi
	FROM
		SYNNID s,
		EMAD e
	WHERE
		s.Ema_id = e.Ema_id AND
		Synnipikkus >= '50' AND
		Elukoht = 'Tallinn' OR
		Elukoht = 'Tartu'
	GROUP BY s.L_nimi;
	```


	| L_nimi    | Synnipikkus | Elukoht | Ema_nimi   |
	|-----------|-------------|---------|------------|
	| Andres    |          53 | Tallinn | Ade        |
	| Aneteliis |          49 | Tartu   | Imbi       |
	| Bairon    |          49 | Tartu   | Imbi       |
	| Emil      |          50 | Tartu   | Imbi       |
	| Gregori   |          51 | Tallinn | Marja      |
	| Heike     |          50 | Tallinn | Zipsik     |

	> 34 rows in set (0.01 sec)

10. Leia kõik erinevad laste nimed (kasuta `DISTINCT`'i), järjesta nimed a-st z-ni.

	```sql
	SELECT DISTINCT L_nimi
	FROM SYNNID
	ORDER BY L_nimi ASC;
	```

	| L_nimi    |
	|-----------|
	| Andres    |
	| Aneteliis |
	| Bairon    |
	| Elis      |
	| Emil      |
	| Gregori   |
	| ...       |
	| Steven    |
	| Tanel     |

	> 48 rows in set (0.01 sec)

11. Leia lapsed, kelle nimi ei alga M-tähega. Väljasta nimed.

	```sql
	SELECT *
	FROM SYNNID
	WHERE L_nimi NOT LIKE 'm%';
	```

	| Synnikuupaev | Ema_id | L_nimi    | Elukoht    | Synniaeg | Synnikaal | Synnipikkus | SUGU |
	|--------------|--------|-----------|------------|----------|-----------|-------------|------|
	| 2007-01-15   |      1 | Richard   | Tallinn    | 22:59:00 |      2385 |          46 | p    |
	| 2007-01-27   |      2 | Ralf      | Tallinn    | 13:08:00 |      3736 |          50 | p    |
	| 2007-01-27   |      3 | Karolin   | Tallinn    | 19:42:00 |      3538 |          51 | t    |
	| 2007-01-28   |      4 | Liisi     | Tallinn    | 00:12:00 |      2920 |          48 | t    |
	| 2007-01-28   |      5 | Kaur      | Tallinn    | 00:53:00 |      2610 |          46 | p    |
	| 2007-01-28   |      6 | Rasmus    | Keila      | 13:41:00 |      2462 |          47 | p    |
	| 2007-01-30   |      7 | Ramona    | Tallinn    | 18:27:00 |      2473 |          47 | t    |
	| 2007-01-31   |      8 | Otto      | Tallinn    | 09:15:00 |      3148 |          50 | p    |

	> 42 rows in set (0.00 sec)

12. Leia lapsed, kelle nimi ei alga E-tähega ja kes ei ela Tartus. Väljasta lapse nimi, ema nimi ja elukoht.

	```sql
	SELECT
		s.L_nimi,
		s.Elukoht,
		e.Ema_nimi
	FROM
		EMAD e,
		SYNNID s
	WHERE
		e.Ema_id = s.Ema_id AND
		s.L_nimi NOT LIKE 'e%' AND
		s.Elukoht != 'Tartu';
	```

	| L_nimi    | Elukoht    | Ema_nimi    |
	|-----------|------------|-------------|
	| Richard   | Tallinn    | Imbi        |
	| Ralf      | Tallinn    | Rapunzel    |
	| Karolin   | Tallinn    | Katariina   |
	| Liisi     | Tallinn    | Kristall    |
	| Kaur      | Tallinn    | Kurr        |
	| Rasmus    | Keila      | Miili       |
	| Ramona    | Tallinn    | Patsike     |

	> 42 rows in set (0.01 sec)
