# Tabeli muutmine - käsk `ALTER TABLE`

Kopeeri kõik käsud koos tulemustega vastava ülesande juurde.

1. Loo tabel `Employee` järgnevate väljade ja andmetüüpidega:
	* `id` täisarv
	* `eesnimi` tekst fikseerimata pikkusega 15 sümbolit
	* `perenimi` tekst fikseerimata pikkusega 15 sümbolit
	* `alguskuup` kuupäev
	* `loppkuup` kuupäev
	* `palk` reaalarv täisosa pikkus 8 kohta
	* `linn` tekst fikseerimata pikkusega 10 sümbolit
	* `description` tekst fikseerimata pikkusega 15 sümbolit

	```sql
	CREATE TABLE employee (
		id INT PRIMARY KEY,
		eesnimi VARCHAR(15),
		perenimi VARCHAR(15),
		alguskuup DATE,
		loppkuup DATE,
		palk DECIMAL(8,2),
		linn VARCHAR(10),
		description VARCHAR(15)
	);
	```

2. Too exceli failist Employee.xls andmed loodud tabelisse.

	```sql
	LOAD DATA INFILE
		'/usr/home/atp08/kristian_s/andmed.csv'
	INTO TABLE
		employee
	FIELDS TERMINATED BY ';'
	LINES TERMINATED BY '\r\n';
	```

3. Nimeta tabel `Employee` ümber tabeliks `TOOTAJA`.

	```sql
	ALTER TABLE employee RENAME TO tootja;
	```

4. Suurenda välja `linn` pikkust 20 sümboli võrra.

	```sql
	ALTER TABLE tootja MODIFY linn VARCHAR(20);
	```

5. Asenda välja `description` nimetus nimega `Amet`.

	```sql
	ALTER TABLE tootja CHANGE description amet VARCHAR(15);
	```

6. Lisa tabelisse uus veerg `Haridus`. Mõtle, mis tüüpi andmetega on tegemist!

	```sql
	ALTER TABLE tootja ADD COLUMN haridus VARCHAR(20);
	```

7. Määra tabelis primaarvõtme väli. Mõtle, milline väli sobiks selleks!

	> Olemas juba

8. Loo uus tabel, milles oleksid väljad `Amet` ja `Palk`.

	```sql
	CREATE TABLE tootja_andmed (
		tid INT PRIMARY KEY,
		amet VARCHAR(15),
		palk DECIMAL(8,2)
	);
	```

9. Sisesta tabelisse andmed.

	```sql
	INSERT INTO
		tootja_andmed
	VALUES
		(1, 'programmeerija', 12304.56),
		(2, 'testija', 6661.78),
		(3, 'testija', 6661.78),
		(4, 'juhataja', 20344.62),
		(5, 'testija', 6661.78),
		(6, 'testija', 6661.78),
		(7, 'juhtaja', 20344.62),
		(8, 'testija', 6661.78);
	```

10. Kustuta tabelist `TOOTAJA` veerg `palk`.

	```sql
	ALTER TABLE tootja DROP palk;
	```

11. Väljasta töötaja `eesnimi`, `perenimi`, `amet` ja `palk`.

	```sql
	SELECT
		t.eesnimi,
		t.perenimi,
		t.amet,
		a.palk
	FROM
		tootja t,
		tootja_andmed a
	WHERE a.tid = t.id;
	```

	| eesnimi | perenimi | amet           | palk     |
	|---------|----------|----------------|----------|
	| Jason   | Martin   | programmeerija | 12304.56 |
	| Alison  | Mathews  | testija        |  6661.78 |
	| James   | Smith    | testija        |  6661.78 |
	| Celia   | Rice     | juhataja       | 20344.62 |
	| Robert  | Black    | testija        |  6661.78 |
	| Linda   | Green    | testija        |  6661.78 |
	| David   | larry    | juhataja       | 20344.62 |
	| James   | cat      | testija        |  6661.78 |

	> 8 rows in set (0.00 sec)

12. Leia mitu töötajat elab igas linnas.

	```sql
	SELECT
		COUNT(linn),
		linn
	FROM
		tootja
	GROUP BY
		linn;
	```

	| count(linn) | linn      |
	|-------------|-----------|
	|           2 | New York  |
	|           1 | Toronto   |
	|           5 | Vancouver |

	> 3 rows in set (0.00 sec)

13. Leia iga ameti esindajate arv.

	```sql
	SELECT
		COUNT(amet),
		amet
	FROM
		tootja
	GROUP BY
		amet;
	```

	| count(amet) | amet           |
	|-------------|----------------|
	|           2 | juhataja       |
	|           1 | programmeerija |
	|           5 | testija        |

	> 3 rows in set (0.00 sec)