## Iseseisev töö aines andmebaaside kasutamine
#### Tähtaeg: 22.10.2010
Iseseisev töö tuleb saata õpetajale e-kirjaga.

#### Töö vormistamine:
1. Näidata, millised tabelid loodi.
2. Näidata tabeleid esialgsete andmetega.
3. Missugused triger(-id) loodi.
4. Näidata andmebaasi erinevaid testimise tulemusi. Testi tulemused peaksid näitama, et hääletusssteem töötab korrektselt.

# ÜLESANNE:

1. Loo hääletussüsteem (andmebaas).

	```sql
	CREATE DATABASE kristiansaarela_vote;
	```
	> Query OK, 1 row affected (0.01 sec)


	```sql
	CREATE TABLE haaletus (
		h_id inT NOT NULL AUTO_INCREMENT,
		eesnimi VARCHAR(15),
		perenimi VARCHAR(15),
		haaletuse_aeg DATETIME,
		otsus SET('poolt', 'vastu'),
		PRIMARY KEY(h_id)
	);
	```
	> Query OK, 0 rows affected (0.01 sec)


	```sql
	CREATE TABLE tulemused (
		id INT AUTO_INCREMENT PRIMARY KEY,
		haaletanute_arv INT,
		alguse_aeg DATETIME,
		poolt INT,
		vastu INT
	);
	```
	> Query OK, 0 rows affected (0.01 sec)


	```sql
	CREATE TABLE logi (
		h_id INT,
		haaletuse_aeg DATETIME,
		otsus SET('poolt', 'vastu'),
		t_id INT,
		FOREIGN KEY (h_id) REFERENCES haaletus.h_id,
		FOREIGN KEY (t_id) REFERENCES tulemused.id
	);
	```
	> Query OK, 0 rows affected (0.00 sec)

2. Hääletamises osalevad 11 inimest.

	```sql
	SELECT * FROM haaletus;
	```

	| h_id | eesnimi  | perenimi  | haaletuse_aeg       | otsus |
	|-----:|----------|-----------|---------------------|------:|
	|    1 | jyrgen   | luik      | 0000-00-00 00:00:00 | NULL  |
	|    2 | toomas   | sepp      | 0000-00-00 00:00:00 | NULL  |
	|    3 | kalle    | kulp      | 0000-00-00 00:00:00 | NULL  |
	|    4 | siiri    | tulp      | 0000-00-00 00:00:00 | NULL  |
	|    5 | marge    | simpson   | 0000-00-00 00:00:00 | NULL  |
	|    6 | chris    | chriffin  | 0000-00-00 00:00:00 | NULL  |
	|    7 | peter    | chriffin  | 0000-00-00 00:00:00 | NULL  |
	|    8 | homer    | simpson   | 0000-00-00 00:00:00 | NULL  |
	|    9 | joe      | cleveland | 0000-00-00 00:00:00 | NULL  |
	|   10 | jyri     | ratas     | 0000-00-00 00:00:00 | NULL  |
	|   11 | kuningas | kristian  | 0000-00-00 00:00:00 | NULL  |

	> 11 rows in set (0.01 sec)

3. Üks hääletamine kestab 5 minutit ja hääletaja saab olla kas 'poolt' või 'vastu'.

	```sql
	SELECT * FROM tulemused;
	```

	| id | haaletanute_arv | alguse_aeg          | poolt | vastu |
	|---:|----------------:|---------------------|------:|------:|
	|  1 |            NULL | 2010-10-15 11:05:21 |  NULL |  NULL |

	> 1 row in set (0.00 sec)

	```SQL
	CREATE TRIGGER haaleta
	BEFORE UPDATE ON haaletus

	FOR EACH ROW
		BEGIN
			IF DATE_ADD((SELECT alguse_aeg FROM tulemused), INTERVAL 5 MINUTE) > NOW() THEN
				BEGIN
					IF OLD.otsus != NEW.otsus OR OLD.otsus IS NULL THEN
						BEGIN
							INSERT INTO logi VALUES (OLD.h_id, NOW(), NEW.otsus, NULL);

							IF OLD.otsus IS NULL THEN
								UPDATE tulemused SET haaletanute_arv = haaletanute_arv+1 WHERE id = 1;
							END IF;

							IF OLD.otsus = 'poolt' THEN
								UPDATE tulemused SET poolt = poolt-1 WHERE id = 1;
							ELSEIF OLD.otsus = 'vastu' THEN
								UPDATE tulemused SET poolt = poolt+1 WHERE id = 1;
							END IF;

							IF NEW.otsus = 'poolt' THEN
								UPDATE tulemused SET poolt = poolt+1 WHERE id = 1;
							ELSEIF NEW.otsus = 'vastu' THEN
								UPDATE tulemused SET vastu = vastu+1 WHERE id = 1;
							END IF;
						END;
					END IF;
				END;
			ELSE
				INSERT INTO logi VALUES (OLD.h_id, NOW(), NEW.otsus, NULL);
			END IF;
		END;
	//
	```

	* Hääletaja võib 5 minuti jooksul oma hääletustulemust muuta.
	* Kõik otsused hääletamisel kajastuvad LOGI tabelis kellaajaliselt.
	* Peale 5 minutit ei tohi enam lõplikud tulemused ja ka iga isiku otsus muutuda, kuigi kasutajad saavad hääletada edasi.

	Tabelis `HAALETUS` on andmed hääletaja kohta (ees- ja perenimi), hääletuse aeg, otsus ('poolt','vastu').
	Tabelis `TULEMUSED` on hääletanute arv, h_alguse_aeg ja poolt häälte arv ja vastu häälte arv.
	Tabelis `LOGI` kuvatakse kõik muutused hääletamisel, mis oleks hiljem vajalikud hääletustulemuse õigsuse tõestamiseks.

	```sql
	SHOW TABLES;
	```

	| Tables_in_kristiansaarela_vote |
	|--------------------------------|
	| haaletus                       |
	| logi                           |
	| tulemused                      |

	> 3 rows in set (0.00 sec)

	```sql
	SELECT * FROM haaletus;
	```

	| h_id | eesnimi  | perenimi  | haaletuse_aeg       | otsus |
	|------|----------|-----------|---------------------|-------|
	|    1 | jyrgen   | luik      | 0000-00-00 00:00:00 | NULL  |
	|    2 | toomas   | sepp      | 0000-00-00 00:00:00 | NULL  |
	|    3 | kalle    | kulp      | 0000-00-00 00:00:00 | NULL  |
	|    4 | siiri    | tulp      | 0000-00-00 00:00:00 | NULL  |
	|    5 | marge    | simpson   | 0000-00-00 00:00:00 | NULL  |
	|    6 | chris    | chriffin  | 0000-00-00 00:00:00 | NULL  |
	|    7 | peter    | chriffin  | 0000-00-00 00:00:00 | NULL  |
	|    8 | homer    | simpson   | 0000-00-00 00:00:00 | NULL  |
	|    9 | joe      | cleveland | 0000-00-00 00:00:00 | NULL  |
	|   10 | jyri     | ratas     | 0000-00-00 00:00:00 | NULL  |
	|   11 | kuningas | kristian  | 0000-00-00 00:00:00 | NULL  |

	> 11 rows in set (0.00 sec)

	```sql
	SELECT * FROM tulemused;
	```

	| id | haaletanute_arv | alguse_aeg          | poolt | vastu |
	|----|-----------------|---------------------|-------|-------|
	|  1 |               0 | 2010-10-22 11:10:33 |     0 |     0 |

	> 1 row in set (0.00 sec)

	```sql
	UPDATE haaletus
	SET
		haaletuse_aeg = NOW(),
		otsus = 'vastu'
	WHERE
		h_id = 2 OR
		h_id = 4 OR
		h_id = 6 OR
		h_id = 8 OR
		h_id = 10;
	```
	> Query OK, 5 rows affected (0.00 sec)

	```sql
	UPDATE haaletus
	SET
		haaletuse_aeg = NOW(),
		otsus = 'poolt'
	WHERE
		h_id = 1 OR
		h_id = 3 OR
		h_id = 5 OR
		h_id = 9 OR
		h_id = 11;
	```
	> Query OK, 5 rows affected (0.01 sec)

	```sql
	SELECT * FROM tulemused;
	```

	| id | haaletanute_arv | alguse_aeg          | poolt | vastu |
	|----|-----------------|---------------------|-------|-------|
	|  1 |              10 | 2010-10-22 11:30:32 |     5 |     5 |

	> 1 row in set (0.00 sec)

	```sql
	UPDATE haaletus
	SET
		haaletuse_aeg = NOW(),
		otsus = 'poolt'
	WHERE h_id = 7;
	```

	> Query OK, 1 row affected (0.00 sec)

	```sql
	SELECT * FROM tulemused;
	```

	| id | haaletanute_arv | alguse_aeg          | poolt | vastu |
	|----|-----------------|---------------------|-------|-------|
	|  1 |              11 | 2010-10-22 11:30:32 |     6 |     5 |

	> 1 row in set (0.00 sec)

	```sql
	SELECT * FROM logi;
	```

	| h_id | haaletuse_aeg       | otsus | t_id |
	|------|---------------------|-------|------|
	|    2 | 2010-10-22 11:31:27 | vastu | NULL |
	|    4 | 2010-10-22 11:31:27 | vastu | NULL |
	|    6 | 2010-10-22 11:31:27 | vastu | NULL |
	|    8 | 2010-10-22 11:31:27 | vastu | NULL |
	|   10 | 2010-10-22 11:31:27 | vastu | NULL |
	|    1 | 2010-10-22 11:32:33 | poolt | NULL |
	|    3 | 2010-10-22 11:32:33 | poolt | NULL |

	> 11 rows in set (0.00 sec)

	**peale 5 minutit**

	```sql
	SELECT * FROM tulemused;
	```

	| id | haaletanute_arv | alguse_aeg          | poolt | vastu |
	|----|-----------------|---------------------|-------|-------|
	|  1 |              11 | 2010-10-22 11:30:32 |     6 |     5 |

	> 1 row in set (0.00 sec)

	```sql
	SELECT * FROM haaletus;
	```

	| h_id | eesnimi  | perenimi  | haaletuse_aeg       | otsus |
	|------|----------|-----------|---------------------|-------|
	|    1 | jyrgen   | luik      | 2010-10-22 11:32:33 | poolt |
	|    2 | toomas   | sepp      | 2010-10-22 11:31:27 | vastu |
	|    3 | kalle    | kulp      | 2010-10-22 11:32:33 | poolt |
	|    4 | siiri    | tulp      | 2010-10-22 11:31:27 | vastu |
	|    5 | marge    | simpson   | 2010-10-22 11:32:33 | poolt |
	|    6 | chris    | chriffin  | 2010-10-22 11:31:27 | vastu |
	|    7 | peter    | chriffin  | 2010-10-22 11:33:30 | poolt |
	|    8 | homer    | simpson   | 2010-10-22 11:31:27 | vastu |
	|    9 | joe      | cleveland | 2010-10-22 11:32:33 | poolt |
	|   10 | jyri     | ratas     | 2010-10-22 11:31:27 | vastu |
	|   11 | kuningas | kristian  | 2010-10-22 11:32:33 | poolt |

	> 11 rows in set (0.00 sec)

	```sql
	UPDATE haaletus
	SET
		otsus = 'vastu',
		haaletuse_aeg = NOW()
	WHERE h_id = 11;
	```

	> Query OK, 1 row affected (0.01 sec)

	```sql
	SELECT * FROM tulemused;
	```

	| id | haaletanute_arv | alguse_aeg          | poolt | vastu |
	|----|-----------------|---------------------|-------|-------|
	|  1 |              11 | 2010-10-22 11:30:32 |     6 |     5 |

	> 1 row in set (0.01 sec)
